samplename,distributionDifference,haemoResult
GSM4654614_P1,1.5756837554272645,Clear
GSM4654615_P2,1.763847329277473,Clear
GSM4654616_P3,2.1701863479524786,Caution
GSM4654617_P4,1.1620096184727053,Clear
GSM4654618_P5,1.3998492521019994,Clear
GSM4654619_P6,2.3046857360204642,Caution
GSM4654620_N1,2.3930604807805143,Caution
GSM4654621_N2,1.8493444705408786,Clear
GSM4654622_N3,1.6425331733546473,Clear
